rho,sigma_a,basis,correction,psnr_mean,psnr_std,rel_mse_mean,rel_mse_std,num_frames,reference_frames,total_physical_frames
0.001,0.05,srht_paired,pairwise,45.80360970842353,0.1509370192296324,0.00033728245988187667,2.5883170040703346e-05,2048,0,2048
0.001,0.3,srht_paired,pairwise,30.30209640942255,0.1454196093607289,0.011972927223999215,0.0009432933112722836,2048,0,2048
0.1,0.05,srht_paired,pairwise,26.117518290980172,0.13308801724037814,0.03138181052694807,0.002496106580737941,2048,0,2048
0.1,0.3,srht_paired,scgi_frozen,13.853958598786212,0.17204780860782318,0.5277665913799168,0.028421237384377074,2048,0,2048
1.0,0.05,srht_paired,pairwise,18.675737732906622,0.10546058554653112,0.1740305557711284,0.012283482889101761,2048,0,2048
1.0,0.3,srht_paired,scgi_frozen,11.640992343015357,0.28566506320030277,0.8776306314883647,0.019766744584205194,2048,0,2048
