rho,sigma_a,basis,correction,psnr_mean,psnr_std,rel_mse_mean,rel_mse_std,num_frames,reference_frames,total_physical_frames
0.001,0.05,srht_paired,reference_k2,48.882941561784754,0.1503034690235608,0.00016601983325126933,1.3334011743233449e-05,2048,1025,3073
0.001,0.3,srht_paired,reference_k2,33.36027757630882,0.13808292892043428,0.00592191525408487,0.00048361207610381706,2048,1025,3073
0.1,0.05,srht_paired,reference_k2,28.994434918138978,0.14777176944636547,0.01618514333113887,0.001361119040018486,2048,1025,3073
0.1,0.3,srht_paired,reference_k2,15.455572179309996,0.10429713200906417,0.36521566914226483,0.024372947266965435,2048,1025,3073
1.0,0.05,srht_paired,reference_k2,20.282449227929906,0.1926401733253888,0.12035741719612451,0.010753613466788162,2048,1025,3073
1.0,0.3,srht_paired,reference_k2,11.87521065793382,0.26171947577230015,0.8316486364028579,0.023391770748538532,2048,1025,3073
