{
  "profile": "smoke",
  "device": "cuda:0",
  "image_size": 32,
  "num_patterns": 1024,
  "epochs": 2,
  "start_epoch": 0,
  "resumed_from": null,
  "train_loss_last": -2.2406001567840574,
  "val_mse_last": 2.687179858185118e-06,
  "slope_dynamic": -0.6039150953292847,
  "slope_corrected": 8.286902811960317e-06,
  "slope_oracle": -0.0032431345898658037,
  "slope_analytic": 8.329645424964838e-06,
  "lambda_true": 0.9988282322883606,
  "lambda_analytic": 0.9988244771957397,
  "dynamic_static_mse": 0.14702923595905304,
  "scgi_static_mse": 2.838563204932143e-06,
  "oracle_static_mse": 1.582067810090848e-15,
  "analytic_static_mse": 2.8688812108157435e-06,
  "static_dgi_cnr": 3.0618274211883545,
  "static_dgi_psnr": 8.975249290466309,
  "static_dgi_ssim": 0.16267801821231842,
  "static_dgi_ks_d": 0.020817697048187256,
  "static_dgi_ks_p": 0.8233219922493806,
  "dynamic_dgi_cnr": 0.48861268162727356,
  "dynamic_dgi_psnr": 5.618495464324951,
  "dynamic_dgi_ssim": 0.040050163865089417,
  "dynamic_dgi_ks_d": 0.08581948280334473,
  "dynamic_dgi_ks_p": 5.628012498814436e-07,
  "scgi_dgi_cnr": 3.0587053298950195,
  "scgi_dgi_psnr": 8.99471664428711,
  "scgi_dgi_ssim": 0.1633061319589615,
  "scgi_dgi_ks_d": 0.021412551403045654,
  "scgi_dgi_ks_p": 0.7820352929696954,
  "oracle_dgi_cnr": 3.061833143234253,
  "oracle_dgi_psnr": 8.975266456604004,
  "oracle_dgi_ssim": 0.16267821192741394,
  "oracle_dgi_ks_d": 0.020817697048187256,
  "oracle_dgi_ks_p": 0.8233219922493806,
  "analytic_dgi_cnr": 3.05871844291687,
  "analytic_dgi_psnr": 8.994621276855469,
  "analytic_dgi_ssim": 0.16330581903457642,
  "analytic_dgi_ks_d": 0.021412134170532227,
  "analytic_dgi_ks_p": 0.7820639107917289,
  "scgi_unn_cnr": 3.065077066421509,
  "scgi_unn_psnr": 11.247763633728027,
  "scgi_unn_ssim": 0.18213963508605957,
  "scgi_unn_ks_d": 0.021412551403045654,
  "scgi_unn_ks_p": 0.7820352929696954,
  "scgi_ured_cnr": 4.360472202301025,
  "scgi_ured_psnr": 10.28942584991455,
  "scgi_ured_ssim": 0.12045536935329437,
  "scgi_ured_ks_d": 0.021412551403045654,
  "scgi_ured_ks_p": 0.7820352929696954,
  "ks_pass_corrected": true,
  "ks_pass_analytic": true,
  "val_dynamic_ks_pass_rate": 0.0,
  "val_dynamic_slope_mean": -0.7528245548407236,
  "val_dynamic_slope_std": 0.05361651172660071,
  "val_dynamic_mse_vs_static_mean": 0.36622917155424756,
  "val_scgi_ks_pass_rate": 1.0,
  "val_scgi_slope_mean": 3.2533450773068275e-05,
  "val_scgi_slope_std": 0.00010715505493628989,
  "val_scgi_mse_vs_static_mean": 2.6871798607016237e-06,
  "val_analytic_ks_pass_rate": 1.0,
  "val_analytic_slope_mean": 3.2592291442294176e-05,
  "val_analytic_slope_std": 0.0001071593341813636,
  "val_analytic_mse_vs_static_mean": 2.6868325814592233e-06,
  "val_oracle_ks_pass_rate": 1.0,
  "val_oracle_slope_mean": -0.003634790887493485,
  "val_oracle_slope_std": 0.0019441589805619872,
  "val_oracle_mse_vs_static_mean": 2.055358198453187e-15
}