epoch,train_loss,val_mse
1,-2.2559429168701173,2.6871909994952148e-06
2,-2.2406001567840574,2.687179858185118e-06
