{
  "profile": "full",
  "device": "cuda:0",
  "image_size": 128,
  "num_patterns": 16384,
  "epochs": 2,
  "train_loss_last": -3.6262490318176592,
  "val_mse_last": 1.8345303942624014e-08,
  "slope_dynamic": -0.7110684514045715,
  "slope_corrected": -4.9637877964414656e-05,
  "slope_oracle": -0.0002887203881982714,
  "slope_analytic": 1.1447322094682022e-06,
  "lambda_true": 0.9996933341026306,
  "lambda_analytic": 0.9996933341026306,
  "dynamic_static_mse": 0.643717348575592,
  "scgi_static_mse": 1.3270374132900997e-08,
  "oracle_static_mse": 1.7128225920926e-15,
  "analytic_static_mse": 1.2881782751605897e-08,
  "static_dgi_cnr": 2.5350773334503174,
  "static_dgi_psnr": 8.864147186279297,
  "static_dgi_ssim": 0.09498190134763718,
  "static_dgi_ks_d": 0.004462838172912598,
  "static_dgi_ks_p": 1.0,
  "dynamic_dgi_cnr": 0.018357763066887856,
  "dynamic_dgi_psnr": 6.483493804931641,
  "dynamic_dgi_ssim": 0.006560195703059435,
  "dynamic_dgi_ks_d": 0.2182619869709015,
  "dynamic_dgi_ks_p": 0.0,
  "scgi_dgi_cnr": 2.5352532863616943,
  "scgi_dgi_psnr": 8.866262435913086,
  "scgi_dgi_ssim": 0.09501625597476959,
  "scgi_dgi_ks_d": 0.004368305206298828,
  "scgi_dgi_ks_p": 1.0,
  "oracle_dgi_cnr": 2.535112142562866,
  "oracle_dgi_psnr": 8.864089012145996,
  "oracle_dgi_ssim": 0.09498317539691925,
  "oracle_dgi_ks_d": 0.004465162754058838,
  "oracle_dgi_ks_p": 1.0,
  "analytic_dgi_cnr": 2.5353291034698486,
  "analytic_dgi_psnr": 8.868244171142578,
  "analytic_dgi_ssim": 0.09503242373466492,
  "analytic_dgi_ks_d": 0.004350125789642334,
  "analytic_dgi_ks_p": 1.0,
  "scgi_unn_cnr": 2.5352532863616943,
  "scgi_unn_psnr": 8.866262435913086,
  "scgi_unn_ssim": 0.09501625597476959,
  "scgi_unn_ks_d": 0.004368305206298828,
  "scgi_unn_ks_p": 1.0,
  "scgi_ured_cnr": 2.5352532863616943,
  "scgi_ured_psnr": 8.866262435913086,
  "scgi_ured_ssim": 0.09501625597476959,
  "scgi_ured_ks_d": 0.004368305206298828,
  "scgi_ured_ks_p": 1.0,
  "ks_pass_corrected": true,
  "ks_pass_analytic": true,
  "val_dynamic_ks_pass_rate": 0.004,
  "val_dynamic_slope_mean": -0.6553855429701507,
  "val_dynamic_slope_std": 0.15760453394861934,
  "val_dynamic_mse_vs_static_mean": 0.5031942720828083,
  "val_scgi_ks_pass_rate": 1.0,
  "val_scgi_slope_mean": -5.211461281578522e-05,
  "val_scgi_slope_std": 1.7548821325494518e-06,
  "val_scgi_mse_vs_static_mean": 1.8345303313571647e-08,
  "val_analytic_ks_pass_rate": 1.0,
  "val_analytic_slope_mean": -1.3341254611844988e-06,
  "val_analytic_slope_std": 1.7437588271069872e-06,
  "val_analytic_mse_vs_static_mean": 2.070292128733336e-08,
  "val_oracle_ks_pass_rate": 1.0,
  "val_oracle_slope_mean": -0.00028138054775672574,
  "val_oracle_slope_std": 0.00020113589631792664,
  "val_oracle_mse_vs_static_mean": 3.4429737706676013e-15
}