epoch,train_loss,val_mse
1,-3.62608507254445,1.9555116637093306e-08
2,-3.6262490318176592,1.8345303942624014e-08
