{
  "profile": "debug",
  "device": "cuda:0",
  "image_size": 64,
  "num_patterns": 4096,
  "epochs": 10,
  "start_epoch": 0,
  "resumed_from": null,
  "train_loss_last": 19.801340103149414,
  "val_mse_last": 0.02177811972796917,
  "slope_dynamic": -0.7422210574150085,
  "slope_corrected": -0.0772034302353859,
  "slope_oracle": 0.0006626657559536397,
  "slope_analytic": -3.796302917180583e-05,
  "lambda_true": 0.9995388984680176,
  "lambda_analytic": 0.9995390772819519,
  "dynamic_static_mse": 0.2936560809612274,
  "scgi_static_mse": 0.0488513745367527,
  "oracle_static_mse": 1.7095699855751434e-15,
  "analytic_static_mse": 4.10424547681032e-08,
  "static_dgi_cnr": 3.027733564376831,
  "static_dgi_psnr": 8.94820785522461,
  "static_dgi_ssim": 0.09972932189702988,
  "static_dgi_ks_d": 0.00895586609840393,
  "static_dgi_ks_p": 1.0,
  "dynamic_dgi_cnr": 0.14158858358860016,
  "dynamic_dgi_psnr": 6.393385887145996,
  "dynamic_dgi_ssim": 0.0064330813474953175,
  "dynamic_dgi_ks_d": 0.10732221603393555,
  "dynamic_dgi_ks_p": 2.102662526422954e-41,
  "scgi_dgi_cnr": 0.4334425926208496,
  "scgi_dgi_psnr": 6.6556243896484375,
  "scgi_dgi_ssim": 0.017011310905218124,
  "scgi_dgi_ks_d": 0.20268911123275757,
  "scgi_dgi_ks_p": 1.3766487492160307e-146,
  "oracle_dgi_cnr": 3.02771258354187,
  "oracle_dgi_psnr": 8.948105812072754,
  "oracle_dgi_ssim": 0.09972867369651794,
  "oracle_dgi_ks_d": 0.008955240249633789,
  "oracle_dgi_ks_p": 1.0,
  "analytic_dgi_cnr": 3.0264625549316406,
  "analytic_dgi_psnr": 8.97726821899414,
  "analytic_dgi_ssim": 0.0998835563659668,
  "analytic_dgi_ks_d": 0.009512156248092651,
  "analytic_dgi_ks_p": 0.9530631379765401,
  "scgi_unn_cnr": 0.43250590562820435,
  "scgi_unn_psnr": 8.160896301269531,
  "scgi_unn_ssim": 0.01714814268052578,
  "scgi_unn_ks_d": 0.20268911123275757,
  "scgi_unn_ks_p": 1.3766487492160307e-146,
  "scgi_ured_cnr": 1.3578946590423584,
  "scgi_ured_psnr": 7.9083452224731445,
  "scgi_ured_ssim": 0.022229883819818497,
  "scgi_ured_ks_d": 0.20268911123275757,
  "scgi_ured_ks_p": 1.3766487492160307e-146,
  "ks_pass_corrected": false,
  "ks_pass_analytic": true,
  "val_dynamic_ks_pass_rate": 0.0,
  "val_dynamic_slope_mean": -0.5843454349786044,
  "val_dynamic_slope_std": 0.17759010006415266,
  "val_dynamic_mse_vs_static_mean": 0.16529543532524257,
  "val_scgi_ks_pass_rate": 0.0,
  "val_scgi_slope_mean": -0.03871327214292251,
  "val_scgi_slope_std": 0.0695699383549433,
  "val_scgi_mse_vs_static_mean": 0.0217781197396107,
  "val_analytic_ks_pass_rate": 1.0,
  "val_analytic_slope_mean": -9.324038215652308e-06,
  "val_analytic_slope_std": 2.3369905772667115e-05,
  "val_analytic_mse_vs_static_mean": 9.765128026850526e-08,
  "val_oracle_ks_pass_rate": 1.0,
  "val_oracle_slope_mean": 0.0003972445399767821,
  "val_oracle_slope_std": 0.000693235501870626,
  "val_oracle_mse_vs_static_mean": 3.5667432549124635e-15
}