rho,sigma_a,basis,correction,psnr_mean,psnr_std,rel_mse_mean,rel_mse_std,num_frames,reference_frames,total_physical_frames
0.003,0.1,srht_paired,pairwise,35.55237536343489,1.8255307324101717,0.0040370195109787465,0.0003558150815561905,2048,0,2048
0.003,0.5,srht_paired,pairwise,21.9890392726787,1.7943865541993647,0.09165932889677114,0.007513678148976564,2048,0,2048
0.3,0.1,srht_paired,pairwise,17.447874568755118,1.7602335354635865,0.2605975177702063,0.018675820840721467,2048,0,2048
0.3,0.5,srht_paired,pairwise,12.083442220950745,1.590046035969962,0.8942133531744114,0.01590520632076383,2048,0,2048
3.0,0.1,srht_paired,pairwise,14.16833971259712,1.6978992645518465,0.5538183271087928,0.026924797882467974,2048,0,2048
3.0,0.5,srht_paired,pairwise,11.747097794620455,1.5783118347930631,0.9661147600532293,0.008860260197636922,2048,0,2048
