rho,sigma_a,basis,correction,psnr_mean,psnr_std,rel_mse_mean,rel_mse_std,num_frames,reference_frames,total_physical_frames
0.003,0.1,srht_paired,reference_k2,38.61861627806824,1.823230221921685,0.0019929027934679866,0.00017848380984544532,2048,1025,3073
0.003,0.5,srht_paired,reference_k2,24.86476230044667,1.8055762870228709,0.047294117236809756,0.004152231156347777,2048,1025,3073
0.3,0.1,srht_paired,reference_k2,19.505991141649435,1.7755737819976978,0.16239610052323003,0.013743817483968173,2048,1025,3073
0.3,0.5,srht_paired,reference_k2,12.403733350494326,1.5931426152171606,0.8308336766795857,0.023736310961035553,2048,1025,3073
3.0,0.1,srht_paired,reference_k2,14.770066565200207,1.6980504451183365,0.4823996142732912,0.028239596717458806,2048,1025,3073
3.0,0.5,srht_paired,pairwise,11.747097794620455,1.5783118347930631,0.9661147600532293,0.008860260197636922,2048,0,2048
