rho,sigma_a,basis,correction,psnr_mean,psnr_std,rel_mse_mean,rel_mse_std,num_frames,reference_frames,total_physical_frames
0.003,0.1,srht_paired,pairwise,35.55237536343489,1.8255307324101717,0.004037019510978817,0.000355815081556185,2048,0,2048
0.003,0.5,srht_paired,pairwise,21.9890392726787,1.7943865541993644,0.09165932889677118,0.007513678148976567,2048,0,2048
0.3,0.1,srht_paired,pairwise,17.447874568755118,1.7602335354635859,0.2605975177702063,0.01867582084072147,2048,0,2048
0.3,0.5,fourier_fourstep,scgi_frozen,12.464543625379905,1.4911491197275046,0.819188661811543,0.019689594361197764,2048,0,2048
3.0,0.1,srht_paired,pairwise,14.168339712597122,1.6978992645518458,0.5538183271087928,0.026924797882467974,2048,0,2048
3.0,0.5,fourier_fourstep,scgi_frozen,12.465195855835452,1.4812894064553332,0.8191091141344456,0.02152719922259055,2048,0,2048
