rho,sigma_a,basis,correction,psnr_mean,psnr_std,rel_mse_mean,rel_mse_std,num_frames,reference_frames,total_physical_frames
0.003,0.1,srht_paired,reference_k2,38.61861627806824,1.8232302219216852,0.00199290279346803,0.00017848380984543998,2048,1025,3073
0.003,0.5,srht_paired,reference_k2,24.86476230044667,1.8055762870228704,0.047294117236809805,0.004152231156347765,2048,1025,3073
0.3,0.1,srht_paired,reference_k2,19.505991141649435,1.775573781997698,0.16239610052323006,0.013743817483968196,2048,1025,3073
0.3,0.5,fourier_fourstep,scgi_frozen,12.464543625379905,1.4911491197275046,0.819188661811543,0.019689594361197764,2048,0,2048
3.0,0.1,srht_paired,reference_k2,14.770066565200207,1.6980504451183365,0.4823996142732912,0.028239596717458782,2048,1025,3073
3.0,0.5,fourier_fourstep,scgi_frozen,12.465195855835452,1.4812894064553332,0.8191091141344456,0.02152719922259055,2048,0,2048
