rho,sigma_a,basis,correction,psnr_mean,psnr_std,rel_mse_mean,rel_mse_std,num_frames,reference_frames,total_physical_frames
0.003,0.1,srht_paired,reference_k2,38.61861627806824,1.8232302219216852,0.00199290279346803,0.00017848380984543998,2048,1025,3073
0.003,0.5,srht_paired,reference_k2,24.86476230044667,1.8055762870228704,0.047294117236809805,0.004152231156347765,2048,1025,3073
0.3,0.1,srht_paired,reference_k2,19.505991141649435,1.775573781997698,0.16239610052323006,0.013743817483968196,2048,1025,3073
0.3,0.5,srht_paired,reference_k2,12.403733350494326,1.5931426152171608,0.8308336766795857,0.023736310961035553,2048,1025,3073
3.0,0.1,srht_paired,reference_k2,14.770066565200207,1.6980504451183365,0.4823996142732912,0.028239596717458782,2048,1025,3073
3.0,0.5,fourier_fourstep,scgi_frozen,12.113959940853908,1.552238524146508,0.8878797706011748,0.01057524354776383,2048,0,2048
