rho,sigma_a,basis,correction,psnr_mean,psnr_std,rel_mse_mean,rel_mse_std,num_frames,reference_frames,total_physical_frames
0.003,0.1,hadamard_paired,oracle,120.0,0.0,8.666188014847235e-13,1.7298619699937676e-13,2048,0,2048
0.003,0.5,hadamard_paired,oracle,120.0,0.0,8.7398638553115e-13,1.3797553686721169e-13,2048,0,2048
0.3,0.1,hadamard_paired,oracle,120.0,0.0,8.668941060380922e-13,1.5825387604764416e-13,2048,0,2048
0.3,0.5,hadamard_paired,oracle,120.0,0.0,8.733735694878143e-13,1.4728448500345486e-13,2048,0,2048
3.0,0.1,hadamard_paired,oracle,120.0,0.0,8.563809340366181e-13,1.4457102248703956e-13,2048,0,2048
3.0,0.5,hadamard_paired,oracle,120.0,0.0,8.735563526431857e-13,1.2880712171715076e-13,2048,0,2048
