object,method,rows,cnr_max,cnr_mean,psnr_max,psnr_mean
stripe_target,scgi_ured,2916,9.933245658874512,9.105311030877143,7.946176052093506,7.560114129580588
