rho,sigma_a,basis,correction,psnr_mean,psnr_std,rel_mse_mean,rel_mse_std,num_frames,reference_frames,total_physical_frames
0.001,0.05,srht_paired,pairwise,45.80360970842353,0.1509370192296324,0.00033728245988187667,2.5883170040703346e-05,2048,0,2048
0.001,0.3,srht_paired,pairwise,30.30209640942255,0.1454196093607289,0.011972927223999215,0.0009432933112722836,2048,0,2048
0.1,0.05,srht_paired,pairwise,26.117518290980172,0.13308801724037814,0.03138181052694807,0.002496106580737941,2048,0,2048
0.1,0.3,srht_paired,pairwise,13.823783916262997,0.16430756598367616,0.5314709894687766,0.029220299862377126,2048,0,2048
1.0,0.05,srht_paired,pairwise,18.675737732906622,0.10546058554653112,0.1740305557711284,0.012283482889101761,2048,0,2048
1.0,0.3,srht_paired,scgi_frozen,11.637681741195712,0.2701423745115115,0.8783479081057884,0.022167679322010272,2048,0,2048
