rho,sigma_a,basis,correction,psnr_mean,psnr_std,rel_mse_mean,rel_mse_std,num_frames,reference_frames,total_physical_frames
0.003,0.1,srht_paired,pairwise,35.55237536343489,1.8255307324101717,0.004037019510978817,0.000355815081556185,2048,0,2048
0.003,0.5,srht_paired,pairwise,21.9890392726787,1.7943865541993644,0.09165932889677118,0.007513678148976567,2048,0,2048
0.3,0.1,srht_paired,scgi_frozen,17.604444693860668,1.7582287576723759,0.2513036611444482,0.01693093034490763,2048,0,2048
0.3,0.5,srht_paired,scgi_frozen,12.093105304368803,1.5861317905069365,0.8922595435875078,0.017695907258535284,2048,0,2048
3.0,0.1,srht_paired,pairwise,14.168339712597122,1.6978992645518458,0.5538183271087928,0.026924797882467974,2048,0,2048
3.0,0.5,srht_paired,pairwise,11.747097794620455,1.5783118347930634,0.9661147600532293,0.008860260197636973,2048,0,2048
