ensemble,n_draws,K,mu,sigma,gamma_3,beta_4
uniform,20000,1024,0.5001378846018167,0.288698116423262,-0.00045533180369834454,1.7998567569790622
binary,20000,1024,0.499972216796875,0.4999999992275036,0.00011113281267211548,1.000000012355222
rademacher,20000,1024,-0.00046845703125,0.9999998902815405,0.0009369141652827409,1.000000877777987
gaussian_clipped,20000,1024,0.5000118833588422,0.1976533921743601,-0.00018103069076543207,2.7600922351372614
