rho,sigma_a,basis,correction,psnr_mean,psnr_std,rel_mse_mean,rel_mse_std,num_frames,reference_frames,total_physical_frames
0.001,0.05,srht_paired,reference_k2,48.882941561784754,0.1503034690235608,0.0001660198332512167,1.3334011743220752e-05,2048,1025,3073
0.001,0.3,srht_paired,reference_k2,33.36027757630882,0.13808292892043428,0.005921915254084816,0.00048361207610378264,2048,1025,3073
0.1,0.05,srht_paired,reference_k2,28.994434918138978,0.14777176944636486,0.016185143331138834,0.0013611190400184753,2048,1025,3073
0.1,0.3,srht_paired,reference_k2,15.455572179309996,0.10429713200906478,0.36521566914226483,0.024372947266965456,2048,1025,3073
1.0,0.05,srht_paired,reference_k2,20.282449227929906,0.19264017332538733,0.12035741719612447,0.010753613466788176,2048,1025,3073
1.0,0.3,hadamard_random_paired,reference_k2,11.882324385172943,0.35699631572868895,0.8300717150135185,0.010742901121786075,2048,1025,3073
