rho,sigma_a,basis,correction,psnr_mean,psnr_std,rel_mse_mean,rel_mse_std,num_frames,reference_frames,total_physical_frames
0.001,0.05,srht_paired,pairwise,45.80360970842353,0.15093701922963168,0.00033728245988181666,2.588317004072905e-05,2048,0,2048
0.001,0.3,hadamard_random_paired,pairwise,30.309865181317264,0.15412165904597686,0.011946688952033283,0.000862451535536965,2048,0,2048
0.1,0.05,hadamard_random_paired,pairwise,26.12440208075353,0.13682219396719608,0.031312529096132635,0.0021649617191580517,2048,0,2048
0.1,0.3,hadamard_random_paired,pairwise,13.862366955310508,0.2422928472326517,0.5262984602561875,0.015264563208275392,2048,0,2048
1.0,0.05,hadamard_random_paired,scgi_proxy,18.727741411615764,0.15936616881095073,0.17184796365673516,0.010008264836250684,2048,0,2048
1.0,0.3,hadamard_random_paired,scgi_proxy,11.711557013388799,0.3455669829105335,0.8634112624909012,0.015106481570068905,2048,0,2048
